id,publish_date,headline_category,headline_text
1,20010101,sports.wwe,win over cena satisfying but defeating undertaker bigger roman reigns
2,20010102,bollywood,Raju Chacha
3,20010102,unknown,Status quo will not be disturbed at Ayodhya; says Vajpayee
4,20010102,unknown,Fissures in Hurriyat over Pak visit
5,20010102,unknown,America's unwanted heading for India?
6,20010102,unknown,For bigwigs; it is destination Goa
7,20010102,unknown,Extra buses to clear tourist traffic
8,20010102,unknown,Dilute the power of transfers; says Riberio
9,20010102,unknown,Focus shifts to teaching of Hindi
10,20010102,unknown,IT will become compulsory in schools
11,20010102,unknown,Move to stop freedom fighters' pension flayed
12,20010102,unknown,Gilani claims he applied for passport 2 years ago
13,20010102,unknown,Parivar dismisses PM's warning
14,20010102,unknown,India; Pak exchange lists of N-plants
15,20010102,unknown,Will Qureshi's return really help the govt?
16,20010102,unknown,PM's tacit message: Put Ram tample on hold
17,20010102,unknown,Text of the Prime Minister's article
18,20010102,unknown,NCW to focus on violence against women
19,20010102,unknown,BBC's reality TV will focus on AIIMS
20,20010102,unknown,Jaitley firm on legal reforms
21,20010102,unknown,Hoshangabad farmers have enough water
22,20010102,unknown,BJP jumps into rail track conversion issue
23,20010102,unknown,America's unwanted heading for India?
24,20010102,unknown,State may take AP to court over Krishna
25,20010102,unknown,This official has sued the briber
26,20010102,unknown,Park turns temple compound as residents watch
27,20010102,unknown,Moves afoot to evict squatters in Urban dist
28,20010102,unknown,Mafia calls the shots in Gandhinagar too
29,20010102,unknown,Status quo will not be disturbed at Ayodhya; says Vajpayee
30,20010102,unknown,Fissures in Hurriyat over Pak visit
31,20010102,unknown,America's unwanted heading for India?
32,20010102,unknown,For bigwigs; it is destination Goa
33,20010102,unknown,Extra buses to clear tourist traffic
34,20010102,unknown,Dilute the power of transfers; says Riberio
35,20010102,unknown,Focus shifts to teaching of Hindi
36,20010102,unknown,IT will become compulsory in schools
37,20010102,unknown,Move to stop freedom fighters' pension flayed
38,20010102,unknown,Gilani claims he applied for passport 2 years ago
39,20010102,unknown,Parivar dismisses PM's warning
40,20010102,unknown,India; Pak exchange lists of N-plants
41,20010102,unknown,Will Qureshi's return really help the govt?
42,20010102,unknown,PM's tacit message: Put Ram tample on hold
43,20010102,unknown,Text of the Prime Minister's article
44,20010102,unknown,NCW to focus on violence against women
45,20010102,unknown,BBC's reality TV will focus on AIIMS
46,20010102,unknown,Jaitley firm on legal reforms
47,20010102,unknown,Hoshangabad farmers have enough water
48,20010102,unknown,BJP jumps into rail track conversion issue
49,20010102,unknown,America's unwanted heading for India?
50,20010102,unknown,State may take AP to court over Krishna
51,20010102,unknown,This official has sued the briber
52,20010102,unknown,Park turns temple compound as residents watch
53,20010102,unknown,Moves afoot to evict squatters in Urban dist
54,20010102,unknown,Mafia calls the shots in Gandhinagar too
55,20010102,unknown,Come to Nandi Hills .. and you can fly
56,20010102,unknown,HAL approached for super jumbo project
57,20010102,unknown,Nagathihalli returns with Preethiya Hudugi
58,20010102,unknown,Fashion in the future
59,20010102,unknown,Promises to keep
60,20010102,unknown,Home is where the holistic science is
61,20010102,unknown,A noisy effort to spruce up Commercial Street
62,20010102,unknown,The best music of the year
63,20010102,unknown,Redemption night; amid some rock
64,20010102,unknown,Consul is back from month-long leave
65,20010102,unknown,Bomb hoax triggers panic in Canara Bank
66,20010102,unknown,Petition over ministers' assets dismissed
67,20010102,unknown,He beat polio; but a truck driver's is no life
68,20010102,unknown,Destroying myths and doubts on sexuality
69,20010102,unknown,Planning Dept seeks Rs 350 crore more
70,20010102,unknown,More engg colleges if needed in state: Govt
71,20010102,unknown,Auto driver's murder: 4 held
72,20010102,unknown,Meet held on cashew crop forecasting
73,20010102,unknown,Awareness rally on AIDS today
74,20010102,unknown,Record power generation at RTPS
75,20010102,unknown,Move to stop freedom fighters' pension flayed
76,20010102,unknown,Snags delay digital maps of city
77,20010102,unknown,Making education a people's movement
78,20010102,unknown,Murder spoils 2001 party in Dharwad
79,20010102,unknown,Now a website on a seer
80,20010102,unknown,Akki-Alur and Ranebennur peaceful
81,20010102,unknown,Weekly editor resorts to hunger strike
82,20010102,unknown,Bickering cost Dal(S) seats; admits Gowda
83,20010102,unknown,BJP to block traffic statewide on Jan 6
84,20010102,unknown,Dr Patwardhan to be felicitated
85,20010102,unknown,Lingambudhi will be turned into bird sanctuary
86,20010102,unknown,Cactus which made it to Guinness is dying
87,20010102,unknown,VIPs suffer as power supply is stopped to govt guest houses
88,20010103,entertainment.hindi.bollywood.news,'Devdas': Jinxed?
89,20010103,unknown,Powerless north India gropes in the dark
90,20010103,unknown,Think again; Laxman tells Sangh Parivar
91,20010103,unknown,Hurriyat undecided over team to Pakistan
92,20010103,unknown,Vajpayee wants to put reforms on fast track
93,20010103,unknown,Stephen Hawking keeps date with Mumbai
94,20010103,unknown,Anti-Hrithik or anti-hopelessness
95,20010103,unknown,Govt plans stadium near Panaji
96,20010103,unknown,BJP doing a volte face on casinos: Cong
97,20010103,unknown,3 watershed projects on the anvil
98,20010103,unknown,No report yet on fire in Udyog Bhavan
99,20010103,unknown,He is the king of 'five star' industry
100,20010103,unknown,Petrol pump sealed for selling adulterated fuel
101,20010103,unknown,Milk price up by Rs 1 per litre
102,20010103,unknown,Congress House is no-smoking zone
103,20010103,unknown,Rural weightage: Govt reassures Governor
104,20010103,unknown,Bride gets honeymoon surprise: Chopper ride
105,20010103,unknown,Is hangover a sign of alcoholicism?
106,20010103,unknown,Almatti: AP to wait and watch
107,20010103,unknown,10-year-old girl missing
108,20010103,unknown,Hear his messages from the heart
109,20010103,unknown,Dance like no one's watching
110,20010103,unknown,From reel love to real love
111,20010103,unknown,Power row: Bribe attempt charge denied
112,20010103,unknown,Lakshamma's cry for help heard
113,20010103,unknown,It's shopping time for your newborn
114,20010103,unknown,Con games on the catwalk
115,20010103,unknown,They are here to help us
116,20010103,unknown,These noisy spots are hurting your ears
117,20010103,unknown,Flat tyres; flat music and a few famous faces
118,20010103,unknown,Yogananda birth anniversary fete on Dec 5
119,20010103,unknown,Tumkur gets 243 borewells
120,20010103,unknown,Over 2000 workers hit by lockout
121,20010103,unknown,Child project officer held for fraud
122,20010103,unknown,BCC holds talks on budget
123,20010103,unknown,'Skybus metro trains on agenda'
124,20010103,unknown,A disciple awaits a miracle from his Goddess
125,20010103,unknown,TOI scribe among Press Academy awardees
126,20010103,unknown,Talent Search exams on April 29
127,20010103,unknown,Ban orders extended in Ranebennur
128,20010103,unknown,Army turns to HAL for Lancer supply
129,20010104,business.india-business,Car dealers caught in Bihar sales tax ruling
130,20010104,city.bengaluru,He's not so inscrutable
131,20010104,city.bengaluru,Three in race for chief secy's post
132,20010104,city.delhi,DPCC stages Nyay rally
133,20010104,city.patna,Druggists' stir leads to shortage of medicines
134,20010104,hollywood,Space Cowboys
135,20010104,india,'Dudhwa tiger died of starvation; not poisoning'
136,20010104,unknown,The string that pulled Stephen Hawking to India
137,20010104,unknown,Vajpayee gives big push to tech education; R&D
138,20010104,unknown,Norms for private role in banking tightened
139,20010104,unknown,A Maha Kumbh of media players
140,20010104,unknown,Net lottery: A winner or a sucker?
141,20010104,unknown,Us and the PM's Musings
142,20010104,unknown,Milosevic to be charged with 'abuse of office'
143,20010104,unknown,Tabu: Bar Bar Dekho
144,20010104,unknown,Anupam Kher: Sliver Spoon!
145,20010104,unknown,Aftab Shivdasani: Career Cares!
146,20010104,unknown,Court reserves judgment on custody of Ilyasi's daughter
147,20010104,unknown,A museum far from the madding crowds
148,20010104,unknown,Bangla Oppn leader issues 'fatwa' against judges
149,20010104,unknown,Hawking set to inspire science glitterati
150,20010104,unknown,Mission for technology education; more funds for R&D
151,20010104,unknown,Mental illness can pass from parent to child
152,20010104,unknown,Cholera outbreak source traced
153,20010104,unknown,'Mathematics permeates human civilisation'
154,20010104,unknown,Bangla Oppn leader issues 'fatwa' against judges
155,20010104,unknown,Bangladesh govt asks for Hamoodur Rahman report
156,20010104,unknown,Bangladesh 'scrutinising' citizen's death in US embassy
157,20010104,unknown,Claire Danes inks to star in 'It's About Love'
158,20010104,unknown,Hollywood posts record 9th year of box office gains
159,20010104,unknown,Akashdeep: Ghaath Ka Saath!
160,20010104,unknown,Great loss to Indian racing
161,20010104,unknown,The saga of Usha Stud Farm
162,20010104,unknown,Red Radior wins Victory Zone Cup
163,20010104,unknown,Race put off
164,20010104,unknown,Cyril sends Byron Black packing
165,20010104,unknown,Dent has the fastest serve in Chennai meet
166,20010104,unknown,Basu gives call to stop infighting
167,20010104,unknown,Violence mar Mamata's meeting in Midnapore
168,20010104,unknown,The string that pulled Stephen Hawking to India
169,20010104,unknown,Norms for private role in banking tightened
170,20010104,unknown,Net lottery: A winner or a sucker?
171,20010104,unknown,Us and the PM's Musings
172,20010104,unknown,Milosevic to be charged with 'abuse of office'
173,20010104,unknown,Tabu: Bar Bar Dekho
174,20010104,unknown,Anupam Kher: Sliver Spoon!
175,20010104,unknown,Court reserves judgment on custody of Ilyasi's daughter
176,20010104,unknown,A museum far from the madding crowds
177,20010104,unknown,Bangla Oppn leader issues 'fatwa' against judges
178,20010104,unknown,Court reserves judgment on custody of Ilyasi's daughter
179,20010104,unknown,String theory set to become one of hottest pieces of physics
180,20010104,unknown,Hawking set to inspire science glitterati
181,20010104,unknown,Mission for technology education; more funds for R&D
182,20010104,unknown,Mission for technology education; more funds for R&D
183,20010104,unknown,Mental illness can pass from parent to child
184,20010104,unknown,Cholera outbreak source traced
185,20010104,unknown,'Mathematics permeates human civilisation'
186,20010104,unknown,The string that pulled Stephen Hawking to India
187,20010104,unknown,Vajpayee gives big push to tech education; R&D
188,20010104,unknown,Norms for private role in banking tightened
189,20010104,unknown,A Maha Kumbh of media players
190,20010104,unknown,Net lottery: A winner or a sucker?
191,20010104,unknown,Us and the PM's Musings
192,20010104,unknown,Milosevic to be charged with 'abuse of office'
193,20010104,unknown,Tabu: Bar Bar Dekho
194,20010104,unknown,Anupam Kher: Sliver Spoon!
195,20010104,unknown,Aftab Shivdasani: Career Cares!
196,20010104,unknown,Court reserves judgment on custody of Ilyasi's daughter
197,20010104,unknown,A museum far from the madding crowds
198,20010104,unknown,Four more Iranians admit to role in serial murders
199,20010104,unknown,Bangla Oppn leader issues 'fatwa' against judges
200,20010104,unknown,String theory set to become one of hottest pieces of physics
201,20010104,unknown,Hawking set to inspire science glitterati
202,20010104,unknown,Mission for technology education; more funds for R&D
203,20010104,unknown,Mental illness can pass from parent to child
204,20010104,unknown,Cholera outbreak source traced
205,20010104,unknown,'Mathematics permeates human civilisation'
206,20010104,unknown,Bangla Oppn leader issues 'fatwa' against judges
207,20010104,unknown,Bangladesh govt asks for Hamoodur Rahman report
208,20010104,unknown,Bangladesh 'scrutinising' citizen's death in US embassy
209,20010104,unknown,Hollywood posts record 9th year of box office gains
210,20010104,unknown,Great loss to Indian racing
211,20010104,unknown,The saga of Usha Stud Farm
212,20010104,unknown,Red Radior wins Victory Zone Cup
213,20010104,unknown,Race put off
214,20010104,unknown,Basu gives call to stop infighting
215,20010104,unknown,Violence mar Mamata's meeting in Midnapore
216,20010104,unknown,CPT to have new pilot system by Jan 15
217,20010104,unknown,Film industry concerned about piracy
218,20010104,unknown,City drainage system being modernised
219,20010104,unknown,Keeping the Gandhian dream alive
220,20010104,unknown,An archaeologist par excellence
221,20010104,unknown,Education body overshoots self-imposed deadline
222,20010104,unknown,PIL urges to seek flood relief from UN
223,20010104,unknown,Sen urges country to exploit its tourism potential
224,20010104,unknown,CMC to issue notice to builder
225,20010104,unknown,World govt touted as solution to crises
226,20010104,unknown,ASI team digs up part of Fatehpur Sikri
227,20010104,unknown,Lara joins elite club
228,20010104,unknown,Cullinan hits fourth Newlands hundred
229,20010104,unknown,'Cronje case behind low cricket match attendance'
230,20010104,unknown,Indian refusal cost PCB 2.4 cr
231,20010104,unknown,Das ready to face the short-pitch stuff
232,20010104,unknown,Haldipur; Lahiri in good stand
233,20010104,unknown,DU North Zone inter-varsity cricket champions
234,20010104,unknown,Kolkata gears up for Millennium Cup
235,20010104,unknown,Right choice is the key; says Iranian coach
236,20010104,unknown,Rajasthan lose lead and match
237,20010104,unknown,Hockey hopes rest on flowerin talent
238,20010104,unknown,Anand may get Padmabhushan
239,20010104,unknown,Emotion-choked Chennai showers love on Anand
240,20010104,unknown,Close battle for Mahindra Golfer; 2001
241,20010104,unknown,Indian Blues off to a good start
242,20010104,unknown,Ramgarh beat Royal Kashmir in Hanut Cup polo
243,20010104,unknown,Anand may get Padmabhushan
244,20010104,unknown,Cullinan hits fourth Newlands hundred
245,20010104,unknown,Ex-mayor takes up cudgels against Kothrud garbage depot
246,20010104,unknown,India is no IT superpower
247,20010104,unknown,A clean sweep
248,20010104,unknown,The Sphinx can act too
249,20010104,unknown,Giving audio-video education a cutting edge
250,20010104,unknown,Govt orders study of river diversion
251,20010104,unknown,Govt bears burden as VIPs throng Goa
252,20010104,unknown,Goa told to start quick-growth coconut project
253,20010104,unknown,Experts discuss horticulture development
254,20010104,unknown,5 acquitted in trespassing case
255,20010104,unknown,Development of horticulture stressed
256,20010104,unknown,New office-bearers for ICSI
257,20010104,unknown,CM to review security for Premji; Murthy
258,20010104,unknown,Govt allots UKP project to KPC
259,20010104,unknown,Star hotels in city get tech-savvy
260,20010104,unknown,When principals wed
261,20010104,unknown,Misbehaving conductors face action
262,20010104,unknown,Pubs are on the watch for violence
263,20010104,unknown,Celestial show awaits aircraft lovers
264,20010104,unknown,Kannada organisations oppose felicitating Nedumaran
265,20010104,unknown,Civic polls: Minister refutes BJP charges
266,20010104,unknown,Oh; for that black & white magic!
267,20010104,unknown,No clue about kidnapped boy
268,20010104,unknown,New year hash: They paid Rs 18;000; went hungry
269,20010104,unknown,5;000 anganwadis to get buildings
270,20010104,unknown,Cops shoot at sandalwood smugglers; nab one
271,20010104,unknown,Tribute-paying ritual for Patel today
272,20010104,unknown,A life snuffed out needlessly
273,20010104,unknown,PM arriving on a 2-day visit
274,20010104,unknown,'Make mysterious kidnap drama secret public'
275,20010104,unknown,Pollution makes these residents see red
276,20010104,unknown,Behind the walls; it's celebration time
277,20010104,unknown,'Corporate cricket has lot of scope'
278,20010104,unknown,An art gallery for the underprivileged
279,20010104,unknown,Annual Infant Jesus feast from Jan 14
280,20010104,unknown,Ex-Karnataka HC judge visits Bahrain
281,20010105,india,MP best in forest development: Centre
282,20010105,unknown,Light combat craft takes India into club class
283,20010105,unknown,Hawkings' day out
284,20010105,unknown,Light combat craft takes India into club class
285,20010105,unknown,Easy drugs at raves keep Goa hot on tourist circuit
286,20010105,unknown,CM defends grant to Chaturang
287,20010105,unknown,Faleiro vows to fight common cadre proposal
288,20010105,unknown,Sawant questions casino licences
289,20010105,unknown,MPT posts good show in 2000
290,20010105,unknown,Ex-GPCC chief against separate cadre
291,20010105,unknown,Meeting to review anti-defection law
292,20010105,unknown,Telecom team win play contest
293,20010105,unknown,Guala Closures bags ISO 9002 certificate
294,20010105,unknown,Bush names Lindsey top economic aide
295,20010105,unknown,Bush names Lindsey top economic aide
296,20010105,unknown,Indian American boy confesses to parents' murder
297,20010105,unknown,Anti-immigration think-tank berates Clinton regime
298,20010105,unknown,Sikh teacher guilty of assaulting student
299,20010105,unknown,Australia; New Zealand urged to accept Indo-Fijian refugees
300,20010105,unknown,If Rabuka can go free; why not us: Speight partner
301,20010105,unknown,Tailor Sam's famous clientele
302,20010105,unknown,Malaysian medics testify about demonstrators' injuries
303,20010105,unknown,Philippine soldiers arrest bombing suspects
304,20010105,unknown,Chinese stranded in Dhaka repatriated
305,20010105,unknown,It's long haul yet for the LCA
306,20010105,unknown,Captain Courageous says dream has come true
307,20010105,unknown,LCA to be good enough for next 45 yrs
308,20010105,unknown,LCA to be top in avionics; strike capability
309,20010105,unknown,Light combat craft takes India into club class
310,20010105,unknown,Hawkings' day out
311,20010105,unknown,Easy drugs at raves keep Goa hot on tourist circuit
312,20010105,unknown,CM defends grant to Chaturang
313,20010105,unknown,Faleiro vows to fight common cadre proposal
314,20010105,unknown,Sawant questions casino licences
315,20010105,unknown,MPT posts good show in 2000
316,20010105,unknown,Ex-GPCC chief against separate cadre
317,20010105,unknown,Meeting to review anti-defection law
318,20010105,unknown,Telecom team win play contest
319,20010105,unknown,Guala Closures bags ISO 9002 certificate
320,20010105,unknown,Bush names Lindsey top economic aide
321,20010105,unknown,Bush names Lindsey top economic aide
322,20010105,unknown,Indian American boy confesses to parents' murder
323,20010105,unknown,Indian American boy confesses to parents' murder
324,20010105,unknown,Anti-immigration think-tank berates Clinton regime
325,20010105,unknown,Sikh teacher guilty of assaulting student
326,20010105,unknown,Australia; New Zealand urged to accept Indo-Fijian refugees
327,20010105,unknown,If Rabuka can go free; why not us: Speight partner
328,20010105,unknown,Tailor Sam's famous clientele
329,20010105,unknown,Malaysian medics testify about demonstrators' injuries
330,20010105,unknown,Philippine soldiers arrest bombing suspects
331,20010105,unknown,Chinese stranded in Dhaka repatriated
332,20010105,unknown,Light combat craft takes India into club class
333,20010105,unknown,It's long haul yet for the LCA
334,20010105,unknown,Captain Courageous says dream has come true
335,20010105,unknown,LCA to be good enough for next 45 yrs
336,20010105,unknown,LCA to be top in avionics; strike capability
337,20010105,unknown,CM asks KPTC to keep power tariff hike in abeyance
338,20010105,unknown,Gowda and Hegde share dais; but fail to talk
339,20010105,unknown,This cactus is all set to break records
340,20010105,unknown,Function can't be stopped: Kharge
341,20010105,unknown,Think twice before you make a wish
342,20010105,unknown,LCA: Best weapon system for close combat
343,20010105,unknown,LCA test flight puts India in exclusive club
344,20010105,unknown,A dream-come-true for LCA pilot
345,20010105,unknown,Avionics provides multi-role capability to LCA
346,20010105,unknown,Hoax bomb call sends family into a tizzy
347,20010105,unknown,Govt order on dismantling Hampi bridge stayed
348,20010105,unknown,Principals of PU colleges to meet on Jan. 7
349,20010105,unknown,CM meets Sonia at airport
350,20010105,unknown,Tributes paid to Patel
351,20010105,unknown,I am a great fan of Sridevi: Prema
352,20010105,unknown,This chef knows his yin from yang
353,20010105,unknown,Wait; wait .. for the bus that never comes
354,20010105,unknown,Taal se taal mila
355,20010105,unknown,Light combat craft takes India into club class
356,20010105,unknown,Hawkings' day out
357,20010105,unknown,Easy drugs at raves keep Goa hot on tourist circuit
358,20010105,unknown,CM defends grant to Chaturang
359,20010105,unknown,Sawant questions casino licences
360,20010105,unknown,MPT posts good show in 2000
361,20010105,unknown,Ex-GPCC chief against separate cadre
362,20010105,unknown,Meeting to review anti-defection law
363,20010105,unknown,Guala Closures bags ISO 9002 certificate
364,20010105,unknown,Bush names Lindsey top economic aide
365,20010105,unknown,Bush names Lindsey top economic aide
366,20010105,unknown,Indian American boy confesses to parents' murder
367,20010105,unknown,Anti-immigration think-tank berates Clinton regime
368,20010105,unknown,Sikh teacher guilty of assaulting student
369,20010105,unknown,Australia; New Zealand urged to accept Indo-Fijian refugees
370,20010105,unknown,If Rabuka can go free; why not us: Speight partner
371,20010105,unknown,Tailor Sam's famous clientele
372,20010105,unknown,Malaysian medics testify about demonstrators' injuries
373,20010105,unknown,Philippine soldiers arrest bombing suspects
374,20010105,unknown,Chinese stranded in Dhaka repatriated
375,20010105,unknown,Light combat craft takes India into club class
376,20010105,unknown,It's long haul yet for the LCA
377,20010105,unknown,Captain Courageous says dream has come true
378,20010105,unknown,LCA to be good enough for next 45 yrs
379,20010105,unknown,LCA to be top in avionics; strike capability
380,20010105,unknown,CM asks KPTC to keep power tariff hike in abeyance
381,20010105,unknown,Gowda and Hegde share dais; but fail to talk
382,20010105,unknown,This cactus is all set to break records
383,20010105,unknown,Function can't be stopped: Kharge
384,20010105,unknown,Think twice before you make a wish
385,20010105,unknown,LCA: Best weapon system for close combat
386,20010105,unknown,LCA will be aircraft for next 45 years
387,20010105,unknown,LCA test flight puts India in exclusive club
388,20010105,unknown,A dream-come-true for LCA pilot
389,20010105,unknown,Avionics provides multi-role capability to LCA
390,20010105,unknown,Hoax bomb call sends family into a tizzy
391,20010105,unknown,Govt order on dismantling Hampi bridge stayed
392,20010105,unknown,Principals of PU colleges to meet on Jan. 7
393,20010105,unknown,CM meets Sonia at airport
394,20010105,unknown,Tributes paid to Patel
395,20010105,unknown,I am a great fan of Sridevi: Prema
396,20010105,unknown,This chef knows his yin from yang
397,20010105,unknown,Wait; wait .. for the bus that never comes
398,20010105,unknown,Taal se taal mila
399,20010105,unknown,Mahalakshmi Layout: Crumbling past; rapid growth
400,20010105,unknown,'We're waiting for people with money'
401,20010105,unknown,An actress and many other things besides
402,20010105,unknown,Mobile isn't a phone but a fun machine now
403,20010105,unknown,Time to bow out for 14 top bureaucrats
404,20010105,unknown,Silk is sexy this year
405,20010105,unknown,Seeds firm condemns hooliganism
406,20010106,unknown,Light combat craft takes India into club class
407,20010106,unknown,Hawkings' day out
408,20010106,unknown,Ex-GPCC chief against separate cadre
409,20010106,unknown,Meeting to review anti-defection law
410,20010106,unknown,Telecom team win play contest
411,20010106,unknown,Guala Closures bags ISO 9002 certificate
412,20010106,unknown,Bush names Lindsey top economic aide
413,20010106,unknown,Bush names Lindsey top economic aide
414,20010106,unknown,Indian American boy confesses to parents' murder
415,20010106,unknown,Anti-immigration think-tank berates Clinton regime
416,20010106,unknown,Sikh teacher guilty of assaulting student
417,20010106,unknown,Australia; New Zealand urged to accept Indo-Fijian refugees
418,20010107,unknown,Muslim body rules out talks on Ayodhya
419,20010107,unknown,Bajrang Dal blows hot; cold
420,20010107,unknown,Vajpayee rejects Nitish's resignation
421,20010107,unknown,PM taps diaspora to realise Indian ambition
422,20010107,unknown,India cagey about food imports
423,20010107,unknown,US leggy chicks to come in hordes
424,20010107,unknown,Microsoft; Intel line up top-end products for electronics show
425,20010107,unknown,Khosla among Upside's 25 people to watch in 2001
426,20010107,unknown,Spending on Net projects may be hit
427,20010107,unknown,British doctor may be worst mass murderer in modern history
428,20010107,unknown,British judge reveals threats from racists
429,20010107,unknown,Clinton urges US Congress to ratify CTBT
430,20010107,unknown,Blind climber to scale Mt. Everest
431,20010107,unknown,Does American TV have a realism overdose?
432,20010107,unknown,Banking community must chalk out new system: Jalan
433,20010107,unknown,Delhi to host India-EU working group meeting on IT
434,20010107,unknown,PNB raises rates
435,20010107,unknown,Are green activists the new imperialists
436,20010107,unknown,Muslim body rules out talks on Ayodhya
437,20010107,unknown,Bajrang Dal blows hot; cold
438,20010107,unknown,Vajpayee rejects Nitish's resignation
439,20010107,unknown,PM taps diaspora to realise Indian ambition
440,20010107,unknown,India cagey about food imports
441,20010107,unknown,US leggy chicks to come in hordes
442,20010107,unknown,Microsoft; Intel line up top-end products for electronics show
443,20010107,unknown,Khosla among Upside's 25 people to watch in 2001
444,20010107,unknown,Spending on Net projects may be hit
445,20010107,unknown,British doctor may be worst mass murderer in modern history
446,20010107,unknown,British judge reveals threats from racists
447,20010107,unknown,Clinton urges US Congress to ratify CTBT
448,20010107,unknown,Blind climber to scale Mt. Everest
449,20010107,unknown,Does American TV have a realism overdose?
450,20010107,unknown,Banking community must chalk out new system: Jalan
451,20010107,unknown,Delhi to host India-EU working group meeting on IT
452,20010107,unknown,Are green activists the new imperialists
453,20010107,unknown,Asian auto firms bullish on US market
454,20010107,unknown,Clinton urges US Congress to ratify CTBT
455,20010107,unknown,US gets its first multicultural cabinet
456,20010107,unknown,Indian American couple sentenced for injuries to child
457,20010107,unknown,Mumbai firm to be sentenced in US
458,20010107,unknown,'Parsi men have failed their women'
459,20010107,unknown,Does American TV have a realism overdose?
460,20010107,unknown,Transit; port use to top talks during Nepal minister's visit
461,20010107,unknown,Kuldip Sharma's exit will lead to sea change in policing
462,20010107,unknown,WREB warns SEBs of north-like tripping
463,20010107,unknown,Chaotic traffic in Mehsana: Authorities have washed hands
464,20010107,unknown,MSU gears up for NAAC visit; expects a five-star rating
465,20010107,unknown,Residents here have invested in bore-wells
466,20010107,unknown,Need for farmers to become professionals: Expert
467,20010107,unknown,Aamir Khan: 'Lagaan' ko zabaan do
468,20010107,unknown,Rajkumar Santoshi: Khan pe khan
469,20010107,unknown,Kamal Haasan: Hey (Thenali) Ram
470,20010107,unknown,Darshans show Bollywood a way out of financial woes
471,20010107,unknown,Latest Hrithik movie could make Canberra a hit
472,20010107,unknown,The Bali beat goes beyond bhangra
473,20010107,unknown,Tops to trousers; they're going for gold!
474,20010107,unknown,Aamir Khan: 'Lagaan' ko zabaan do
475,20010107,unknown,Rajkumar Santoshi: Khan pe khan
476,20010107,unknown,Kamal Haasan: Hey (Thenali) Ram
477,20010107,unknown,Darshans show Bollywood a way out of financial woes
478,20010107,unknown,German TV admits millionaire show was a sham
479,20010107,unknown,Parliament suggests resignation of TV official
480,20010107,unknown,Traffic lights
481,20010107,unknown,Just one of those faces
482,20010107,unknown,Steve Waugh looks forward to Indian summer
483,20010107,unknown,Strong comeback by Shane Warne
484,20010107,unknown,Cricket board chief means business
485,20010108,unknown,Sangh Parivar; Babri panel up the ante
486,20010108,unknown,Frontrunner for key US post seen having Pak tilt
487,20010108,unknown,Muslims see red over Coke logo
488,20010108,unknown,Move over Nepal; Casino Goa is here
489,20010108,unknown,Merit Calling
490,20010108,unknown,Closures putting financial strain on Delhi Govt
491,20010108,unknown,42 units to be sealed in phase-II of operation closure
492,20010108,unknown,Special trains for Kumbh Mela
493,20010108,unknown,CPM for survey of units
494,20010108,unknown,NIEPA meet to discuss issue of re-employing retired teachers
495,20010108,unknown,Such a long journey to the green dispenser
496,20010108,unknown,Woman fighting for life as 'quack' performed MTP
497,20010108,unknown,Cold weather puts strain on people with weak hearts
498,20010108,unknown,Secrecy has no place in democracy; says Sorabjee
499,20010108,unknown,On the hitlist are the polluting units
500,20010108,unknown,Driver makes of with cash in employer's Zen
501,20010108,unknown,Rs 25;000 compensation for 10-yr-old domestic help
502,20010108,unknown,What can one do about the backache 'epidemic'
503,20010108,unknown,Criminals beat up family with iron rods
504,20010108,unknown,Three held for stealing power
505,20010108,unknown,Road accident toll in Noida was 130 last year
506,20010108,unknown,Blood donation camp organised
507,20010108,unknown,The policemen find a new excuse: Television in slums
508,20010108,unknown,Paramour; accomplice get life term for killing woman
509,20010108,unknown,Policing the metro: Year-end musings
510,20010108,unknown,Sangh Parivar; Babri panel up the ante
511,20010108,unknown,Frontrunner for key US post seen having Pak tilt
512,20010108,unknown,Muslims see red over Coke logo
513,20010108,unknown,Move over Nepal; Casino Goa is here
514,20010108,unknown,Merit Calling
515,20010108,unknown,Closures putting financial strain on Delhi Govt
516,20010108,unknown,42 units to be sealed in phase-II of operation closure
517,20010108,unknown,Special trains for Kumbh Mela
518,20010108,unknown,CPM for survey of units
519,20010108,unknown,NIEPA meet to discuss issue of re-employing retired teachers
520,20010108,unknown,Such a long journey to the green dispenser
521,20010108,unknown,Woman fighting for life as 'quack' performed MTP
522,20010108,unknown,Cold weather puts strain on people with weak hearts
523,20010108,unknown,Secrecy has no place in democracy; says Sorabjee
524,20010108,unknown,On the hitlist are the polluting units
525,20010108,unknown,Driver makes of with cash in employer's Zen
526,20010108,unknown,Rs 25;000 compensation for 10-yr-old domestic help
527,20010108,unknown,What can one do about the backache 'epidemic'
528,20010108,unknown,Criminals beat up family with iron rods
529,20010108,unknown,Three held for stealing power
530,20010108,unknown,Road accident toll in Noida was 130 last year
531,20010108,unknown,Blood donation camp organised
532,20010108,unknown,The policemen find a new excuse: Television in slums
533,20010108,unknown,Paramour; accomplice get life term for killing woman
534,20010108,unknown,Policing the metro: Year-end musings
535,20010108,unknown,Sullied Symbol
536,20010108,unknown,Sullied Symbol
537,20010108,unknown,Temple Tactics
538,20010108,unknown,Conflict Diamonds
539,20010108,unknown,Vajpayee's Musings
540,20010108,unknown,Sabarimala; Abode Of Lord Ayyappa
541,20010108,unknown,Pleasure Principle
542,20010108,unknown,Concept of Creation
543,20010108,unknown,I'm just a supporter of LTTE: Nedumaran
544,20010108,unknown,HAL will showcase its pride at Aero-2001
545,20010108,unknown,I will prove charges against Mishra: J K Jain
546,20010108,unknown,Samata faces split over JD merger
547,20010108,unknown,Cellphone is proving a curse for the mafia
548,20010108,unknown,The Kamasutra girl is real cool
549,20010108,unknown,Ayurveda is more than oil massage
550,20010108,unknown,Balle Balle Boys hit the charts
551,20010109,unknown,Officials brace for millennium's first Mahakumbh
552,20010109,unknown,Financier Bharat Shah held for alleged links with Chotta Shakeel
553,20010109,unknown,Officials brace for millennium's first Mahakumbh
554,20010109,unknown,Material souls to seek salvation by the Ganga
555,20010109,unknown,Vajpayee woos Vietnam with infotech
556,20010109,unknown,All party meet on joint cadre issue soon: CM
557,20010109,unknown,One more advocate general for Goa soon
558,20010109,unknown,Order on plastic ban soon
559,20010109,unknown,Campaign to educate vendors selling cigarette; gutka
560,20010109,unknown,Hike in water tariff from March
561,20010109,unknown,Construction of Swatantra Veer Chowk mooted
562,20010109,unknown,Lunar eclipse on Jan. 9 and 10
563,20010109,unknown,Hefty phone bill shocks officials
564,20010109,unknown,50 handicaps to get artificial limbs
565,20010109,unknown,ABVP organises reception for students
566,20010109,unknown,Infrastructure development corporation to be constituted
567,20010109,unknown,Seminar on industrial gases from Jan. 19
568,20010109,unknown,New molecule to fight malaria found
569,20010109,unknown,Brain's sensory filter smaller in schizophrenics
570,20010109,unknown,Mice to blame for childhood asthma?
571,20010109,unknown,Controlled drinking may be answer for alcoholics
572,20010109,unknown,'No radiation sickness among Bulgarian troops'
573,20010109,unknown,STF is working without sleep; food: Sangliana
574,20010109,unknown,Danger lurks at most city pubs
575,20010109,unknown,Centre's ditherings dangerous: Chandra Shekhar
576,20010109,unknown,New tariffs bad news for cellphone operators
577,20010109,unknown,Jaya Jaitly unanimously elected Samata chief
578,20010109,unknown,Bus station at Shivajinagar set to open
579,20010109,unknown,CM gets a 'majority darshan'
580,20010109,unknown,CET Cell returns Rs 13 cr to govt
581,20010109,unknown,Ranebennur tense; bandh successful
582,20010109,unknown,Britisher found dead
583,20010109,unknown,Take citizens into your confidence; CM tells police
584,20010109,unknown,State to crack down on illegal plastic production
585,20010109,unknown,Krishna reviews matters of his constituency
586,20010109,unknown,Now JD(S) gives clearance for merger with JD(U)
587,20010109,unknown,Shoulder injury sends Kumble into a spin
588,20010109,unknown,Treasury dept to be computerised in year
589,20010109,unknown,Art exhibition to raise funds for music school
590,20010109,unknown,Cotton row: Govt open to talks
591,20010109,unknown,TADA judge issues notices to 10 witnesses
592,20010109,unknown,Grid problems hits power supply
593,20010109,unknown,Probe ordered into chick colouring
594,20010109,unknown,Has it; doesn't flaunt it
595,20010109,unknown,Falun Gong is free because we can't sell spiritualism
596,20010109,unknown,'Erosion in value system in civil society'
597,20010109,unknown,Contempt notice for disobeying HC order
598,20010109,unknown,'Medical evidences should corroborate charges levelled by victim'
599,20010109,unknown,BCC submits memo in HC
600,20010109,unknown,The best things in life
601,20010109,unknown,'Superstition; poverty increasing AIDS cases'
602,20010109,unknown,Financier Bharat Shah held for alleged links with Chotta Shakeel
603,20010109,unknown,Officials brace for millennium's first Mahakumbh
604,20010109,unknown,Material souls to seek salvation by the Ganga
605,20010109,unknown,Vajpayee woos Vietnam with infotech
606,20010109,unknown,All party meet on joint cadre issue soon: CM
607,20010109,unknown,One more advocate general for Goa soon
608,20010109,unknown,Order on plastic ban soon
609,20010109,unknown,Campaign to educate vendors selling cigarette; gutka
610,20010109,unknown,Hike in water tariff from March
611,20010109,unknown,Construction of Swatantra Veer Chowk mooted
612,20010109,unknown,Lunar eclipse on Jan. 9 and 10
613,20010109,unknown,Hefty phone bill shocks officials
614,20010109,unknown,50 handicaps to get artificial limbs
615,20010109,unknown,ABVP organises reception for students
616,20010109,unknown,Infrastructure development corporation to be constituted
617,20010109,unknown,Seminar on industrial gases from Jan. 19
618,20010109,unknown,New molecule to fight malaria found
619,20010109,unknown,Brain's sensory filter smaller in schizophrenics
620,20010109,unknown,Mice to blame for childhood asthma?
621,20010109,unknown,Controlled drinking may be answer for alcoholics
622,20010109,unknown,'No radiation sickness among Bulgarian troops'
623,20010109,unknown,STF is working without sleep; food: Sangliana
624,20010109,unknown,Danger lurks at most city pubs
625,20010109,unknown,Centre's ditherings dangerous: Chandra Shekhar
626,20010109,unknown,New tariffs bad news for cellphone operators
627,20010109,unknown,Jaya Jaitly unanimously elected Samata chief
628,20010109,unknown,Bus station at Shivajinagar set to open
629,20010109,unknown,CM gets a 'majority darshan'
630,20010109,unknown,CET Cell returns Rs 13 cr to govt
631,20010109,unknown,Ranebennur tense; bandh successful
632,20010109,unknown,Britisher found dead
633,20010109,unknown,Take citizens into your confidence; CM tells police
634,20010109,unknown,State to crack down on illegal plastic production
635,20010109,unknown,Krishna reviews matters of his constituency
636,20010109,unknown,Now JD(S) gives clearance for merger with JD(U)
637,20010109,unknown,Shoulder injury sends Kumble into a spin
638,20010109,unknown,Treasury dept to be computerised in year
639,20010109,unknown,Art exhibition to raise funds for music school
640,20010109,unknown,Cotton row: Govt open to talks
641,20010109,unknown,TADA judge issues notices to 10 witnesses
642,20010110,city.patna,Fend for yourselves; Pande tells doctors
643,20010110,city.patna,Bureaucracy undermining legislature's 'existence'
644,20010110,city.patna,State police collapses under pressure
645,20010110,city.patna,Court declares Pappu Yadav an absconder
646,20010111,sports.cricket.news,shreyas gopal scores ton as karnataka stay on top of mumbai
647,20010111,sports.football,japan edge north korea in politically charged opener
648,20010123,unknown,Sonia takes on the Hindutva brigade
649,20010123,unknown,Congress hopes soar; BJP cries foul
650,20010123,unknown,Ceasefire decision likely today
651,20010123,unknown,Ceasefire blues: To end or extend truce
652,20010123,unknown,So Young; So Successful
653,20010123,unknown,Kumbh Karma
654,20010123,unknown,Greenmail & White Knights
655,20010123,unknown,Child of Fortune
656,20010123,unknown,One-way Street
657,20010123,unknown,Towards a Theory of Everything - II
658,20010123,unknown,Seeing is Believing
659,20010123,unknown,Wockhardt plans another cardiac centre
660,20010123,unknown,Inside Track
661,20010123,unknown,CM for action against officials depositing funds in non-scheduled banks
662,20010123,unknown,Blood donation no more safe in hospitals
663,20010123,unknown,BJP asks govt to learn lessons from 'failed MoUs'
664,20010123,unknown,Surveillance along coastal belt stepped up
665,20010123,unknown,Cong opposes Vaze as GPSC chief
666,20010123,unknown,Minister to verify info on Goans in star hotels
667,20010123,unknown,Tillari: Rehabilitation first; says Oppn
668,20010123,unknown,Rape accused acquitted
669,20010123,unknown,Milk price hike: Govt to do a rethink
670,20010123,unknown,Career information fair from Feb 17
671,20010123,unknown,Assembly congratulates Anil Kakodkar
672,20010123,unknown,Multi-religious meet held
673,20010123,unknown,Kirti is Reddy for 'Pyaar Ishq Aur Mohabbat'!
674,20010123,unknown,Nasir Khan: Small to big!
675,20010123,unknown,Pooja Batra: Curry on Pooja!
676,20010123,unknown,Shamita Shetty: 'Mohabbat' all the way
677,20010123,unknown,Pankaj Udhas: Technological voices!
678,20010123,unknown,Kirti is Reddy for 'Pyaar Ishq Aur Mohabbat'!
679,20010123,unknown,Pankaj Udhas: Technological voices!
680,20010123,unknown,Pooja Batra: Curry on Pooja!
681,20010123,unknown,Shamita Shetty: 'Mohabbat' all the way
682,20010123,unknown,Nasir Khan: Small to big!
683,20010123,unknown,Bajaj Auto to sell 26% in tempo arm; withdraw name
684,20010123,unknown,Timex to create new image with 180 models
685,20010123,unknown,Kawasaki to re-negotiate stake purchase
686,20010123,unknown,NIIT net seen up 50 per cent at Rs 27 crore
687,20010123,unknown,Now; imported products need to meet Indian standard
688,20010123,unknown,Branded jewellery set to dazzle some more
689,20010123,unknown,Net familiarity will drive e-commerce
690,20010123,unknown,Net familiarity will drive e-commerce
691,20010123,unknown,Digitalising consultancy at Orbit-e
692,20010123,unknown,Way2Wealth positions as one-stop financial shop
693,20010123,unknown,Govt to table 13 bills in ongoing assembly session
694,20010123,unknown,Cong leaders asked to decide on tie with Trinamul
695,20010123,unknown,CPM interference in agriculture varsity
696,20010123,unknown,Nation-wide red alert regarding toxic tea
697,20010123,unknown,Viren Shah 'out-walks' the Opposition
698,20010123,unknown,Highlights of Viren J. Shah's speech
699,20010123,unknown,Sramik Union supports Baranagar mill violence
700,20010123,unknown,CMC seeks police help to protect statues
701,20010123,unknown,Increase in Haj pilgrims from state
702,20010123,unknown,'Withholding teachers' salaries was collective decision'
703,20010123,unknown,Ceasefire camouflages factional strife in Nagaland
704,20010123,unknown,NHRC issues notice to WB home secy
705,20010123,unknown,Protest against port in Kulpi
706,20010123,unknown,Mamata to attend police body meet today
707,20010123,unknown,'Empowered' women of Kochpukur impress Lara
708,20010123,unknown,Medical college for Sikkim by July
709,20010124,unknown,Govt extends J&K ceasefire by a month
710,20010124,unknown,Peace hinges on human rights
711,20010124,unknown,Two crore at Mahakumbh for the big bath
712,20010124,unknown,Minister inquired about Hinduja passport; admits UK
713,20010124,unknown,First R&D; then food for all
714,20010124,unknown,Globo God
715,20010124,unknown,Pilgrim's Process
716,20010124,unknown,Sustainable Ceasefire
717,20010124,unknown,Beauty and the Beast
718,20010124,unknown,Urban Apartheid
719,20010124,unknown,Spiritual Quotient Leverages IQ & EQ
720,20010124,unknown,The Veggie Abroad
721,20010124,unknown,Purifying Ourselves
722,20010124,unknown,Labour of Law
723,20010124,unknown,Boby's fight for love
724,20010124,unknown,Dharmendra: Suicide Suicide!
725,20010124,unknown,Sunny Deol: Lessons Learned!
726,20010124,unknown,British Indian to present Kama Sutra series
727,20010124,unknown,Farouq Rattonsey: Third Time Lucky?
728,20010124,unknown,Welfare fund for film artistes
729,20010124,unknown,'Our department is life'
730,20010124,unknown,Bitter reality bared
731,20010124,unknown,Keep danbruff at an arms distance
732,20010124,unknown,Awareness is essential
733,20010124,unknown,A Fashion excuse
734,20010124,unknown,Plane mishap averted at Patna
735,20010124,unknown,Two CPI(ML) activists die in Gaya police firing
736,20010124,unknown,Gold gifts to Misa may trouble their presenters
737,20010124,unknown,Police hesitant in lodging case against Sadhu; Modi
738,20010124,unknown,CPI decides to continue agitation
739,20010124,unknown,Jharkhand govt to set up own power grid
740,20010124,unknown,Minister warns banks of economic non-cooperation
741,20010124,unknown,Dalit outfits to hold rally before HC
742,20010124,unknown,Court asks DG to travel on highways in Bihar
743,20010124,unknown,3 cellphones recovered from Muzaffarpur jail
744,20010124,unknown,Trader was freed on payment of Rs 2.5 crore
745,20010124,unknown,Samata's Kurmi card on test in Asthawa
746,20010124,unknown,Govt to seek fresh cadre option from staff
747,20010124,unknown,LNMU V-C cancels teachers' deputation to town colleges
748,20010124,unknown,Shamiana replaces exam halls
749,20010124,unknown,Cellphone services at loggerheads in Patna
750,20010124,unknown,Concentrate on developmental activities: Naidu
751,20010124,unknown,TDP will not rock NDA boat: Naidu
752,20010124,unknown,Noose tightens for those causing noise pollution
753,20010124,unknown,Centre to give big push to herbal sector
754,20010125,unknown,Kabhi Cushy; Kabhi Grim
755,20010125,unknown,Big bath passes without a hitch
756,20010125,unknown,Security bandobast: The one that got away
757,20010125,unknown,Enron allowed to enhance stake in Dhabol project
758,20010125,unknown,Govt has discretionary powers to deny passports
759,20010125,unknown,A view from far and near
760,20010125,unknown,'Temptation Island' beats 'The Mole'
761,20010125,unknown,Kasparov drubs Shirov; takes joint lead
762,20010125,unknown,Dino Morrea: Bhatt; seriously!
763,20010125,unknown,Kabhi Insured Kabhi Nahi!
764,20010125,unknown,'Samosa Queen' among richest UK businesswomen
765,20010125,unknown,Ustad Zakir Hussain: Drumming high
766,20010125,unknown,Priyadarshan: Angrezi Babu?
767,20010125,unknown,Dino Morrea: Bhatt; seriously!
768,20010125,unknown,Ministers under threat
769,20010125,unknown,A wait in vain for our young neighbours?
770,20010125,unknown,No tableaux yet from brand-new states
771,20010125,unknown,Birds pecking at meatshop waste may disrupt flypast
772,20010125,unknown,DDA take responsibility for power; water in its properties: Court
773,20010125,unknown,How much longer; SC asks govt
774,20010125,unknown,The court has faith in us: Jagmohan
775,20010125,unknown,MCD begins the clean-up act
776,20010125,unknown,Illegal arms flood Delhi
777,20010125,unknown,Killer roads claim more; 7 dead in 24 hrs
778,20010125,unknown,Link between Noida-South Delhi slashes distances
779,20010125,unknown,Tax doubles Noida schoolbus fee; parents upset
780,20010125,unknown,Dancing is a pleasure; but give us hot food and water; say artistes
